nombre,materno,paterno,domicilio,email,id_carrera
Nikola,Berston,Grigoliis,17 Wayridge Park,ngrigoliis0@ed.gov,80
Gilemette,O' Hanvey,Stoffel,87599 Fisk Terrace,gstoffel1@bbc.co.uk,92
Beilul,Krelle,Taffrey,6725 Sunnyside Crossing,btaffrey2@wikimedia.org,54
Thalia,Klimowicz,Andrioletti,1868 Crowley Terrace,tandrioletti3@dailymotion.com,26
Rosabelle,MacGiolla Pheadair,Crab,5029 Londonderry Lane,rcrab4@nasa.gov,56
Arlie,Records,Birchner,025 Florence Junction,abirchner5@webnode.com,74
Eddy,Kopta,Scriver,3596 Muir Parkway,escriver6@123-reg.co.uk,9
Adena,Rannie,Ord,9354 Annamark Place,aord7@vk.com,55
Karl,Snaddon,Lawrenceson,2822 Sherman Plaza,klawrenceson8@weebly.com,44
Felisha,Brunker,Farquharson,07222 Fremont Alley,ffarquharson9@cloudflare.com,85
Arabele,Kefford,Ben,62 Sommers Crossing,abena@hatena.ne.jp,67
Renaldo,Jerzak,Twinberrow,100 Thackeray Pass,rtwinberrowb@jalbum.net,41
Deeyn,Proctor,Colwill,0 Muir Trail,dcolwillc@disqus.com,15
Early,Pietroni,Maddison,0704 Alpine Crossing,emaddisond@reddit.com,46
Stanford,Pepperill,Leftwich,165 Di Loreto Pass,sleftwiche@shop-pro.jp,13
Fan,Tunkin,Scholler,0855 Reinke Center,fschollerf@usnews.com,66
Tandie,Deniso,O'Lenechan,15 Trailsway Avenue,tolenechang@t-online.de,49
Pamella,Matzaitis,Sainsbury,496 Pawling Trail,psainsburyh@gnu.org,21
Kalli,Lynch,Beden,16 Melby Junction,kbedeni@hc360.com,1
Mylo,Lacy,Vest,49439 Summit Hill,mvestj@webs.com,8
Stavros,Curton,Saffen,910 Maple Wood Circle,ssaffenk@g.co,80
Kincaid,Barthelet,O'Cahsedy,3925 Judy Court,kocahsedyl@gravatar.com,91
Rip,Conibere,Karlowicz,6 Lukken Point,rkarlowiczm@ted.com,42
Gertruda,Darlaston,Holehouse,7484 Fairview Park,gholehousen@bandcamp.com,20
Boyce,Sallan,Beirne,5388 Nobel Junction,bbeirneo@walmart.com,80
Rochella,Gibberd,Kenworthy,8 Pepper Wood Plaza,rkenworthyp@jugem.jp,99
Kalil,Fitchell,Habbershon,29 Debra Place,khabbershonq@google.it,4
Vittoria,Hamberston,Dawidowicz,435 Bay Hill,vdawidowiczr@chicagotribune.com,74
Florence,Greendale,Rodie,355 Towne Trail,frodies@eventbrite.com,45
Cilka,Miche,Ballance,839 Corscot Avenue,cballancet@smugmug.com,10
Jenifer,Bakewell,Vern,75 Utah Plaza,jvernu@wiley.com,25
Clywd,Pressdee,Heffernon,8827 West Place,cheffernonv@hud.gov,42
Matty,Mapes,Warbey,4852 Kinsman Lane,mwarbeyw@toplist.cz,64
Lena,Jilliss,Elt,494 Mifflin Pass,leltx@people.com.cn,44
Blakeley,Kluger,Brownsill,21555 Lien Drive,bbrownsilly@github.io,11
Consalve,Mingotti,Strickland,225 Mallory Road,cstricklandz@unblog.fr,57
Francklyn,Satchel,Snedker,8 Glacier Hill Street,fsnedker10@google.fr,74
Lucie,Daldan,Crowd,38148 Fairfield Crossing,lcrowd11@skyrock.com,52
Maye,McGrale,Owthwaite,9251 Vera Place,mowthwaite12@ibm.com,45
Wang,Owen,Balkwill,954 Dexter Pass,wbalkwill13@vistaprint.com,62
Maxi,De Vaan,McIlherran,21 Old Shore Court,mmcilherran14@hud.gov,42
Lois,Algy,Dawid,58 Petterle Parkway,ldawid15@ft.com,21
Kial,Eaton,Ribeiro,29633 Morrow Trail,kribeiro16@abc.net.au,48
Thalia,Attlee,Thornham,87 Haas Parkway,tthornham17@upenn.edu,84
Maximilian,Tee,Corke,9097 Northport Road,mcorke18@spotify.com,81
Wes,Ankers,Hadenton,88 Manufacturers Place,whadenton19@marketwatch.com,44
Randell,Witch,McConigal,27892 Fair Oaks Road,rmcconigal1a@typepad.com,95
Braden,Tavernor,Bee,867 Melby Terrace,bbee1b@sbwire.com,39
Amanda,Jansens,Trewin,24173 Commercial Lane,atrewin1c@dell.com,92
Bree,Glenister,Winter,907 Tomscot Court,bwinter1d@google.es,62
Grace,Leadbetter,Walliker,340 Annamark Park,gwalliker1e@geocities.jp,42
Flory,Podmore,Mangham,2272 Cascade Drive,fmangham1f@yellowpages.com,89
Lavena,Pomfrett,Westmorland,372 Old Gate Parkway,lwestmorland1g@wisc.edu,67
Leroi,Atyeo,Shevlane,7 Warbler Circle,lshevlane1h@slate.com,80
Larine,Yepiskopov,Nicholson,9416 Kipling Avenue,lnicholson1i@google.co.uk,62
Amandie,Laycock,Pauletto,9 Boyd Place,apauletto1j@hhs.gov,24
Melania,Semens,Aronov,034 Lunder Park,maronov1k@newyorker.com,37
Maggee,Larive,Nattriss,5183 Magdeline Road,mnattriss1l@shutterfly.com,18
Justinian,Cowans,Hubbart,39433 Continental Point,jhubbart1m@narod.ru,15
Rianon,Ochiltree,Gave,9 Gerald Road,rgave1n@tiny.cc,86
Danella,Brahm,Worgen,7418 Glendale Hill,dworgen1o@washingtonpost.com,62
Irvin,Dorian,Brislen,9 3rd Place,ibrislen1p@accuweather.com,27
Cariotta,Vankeev,Camplen,15998 Tennyson Plaza,ccamplen1q@bandcamp.com,28
Murdoch,Sommerland,Endecott,5491 Shoshone Junction,mendecott1r@people.com.cn,10
Alvy,Mulliner,Hallwell,2 Utah Center,ahallwell1s@amazon.co.uk,5
Kristine,Sigars,Yegorovnin,9 Sherman Crossing,kyegorovnin1t@state.tx.us,67
Fancy,Blaydes,Bedells,9495 Blaine Terrace,fbedells1u@skyrock.com,49
Alexine,Shemmans,Stansell,59 Charing Cross Lane,astansell1v@about.com,53
Maxim,Codd,Mergue,04643 Springs Point,mmergue1w@gravatar.com,94
Tiff,Baison,Szymon,28549 Kedzie Avenue,tszymon1x@redcross.org,81
Pryce,Gartery,Hamnet,8747 Gulseth Drive,phamnet1y@nationalgeographic.com,41
Lowe,Baack,Pardi,72 Rusk Place,lpardi1z@fotki.com,55
Washington,Foxall,Longfellow,94 Carberry Hill,wlongfellow20@behance.net,76
Ninetta,Paffett,Redding,72 Summerview Street,nredding21@de.vu,43
Andrus,Bodman,Blyden,0936 Claremont Park,ablyden22@edublogs.org,74
Cary,Barraclough,Rosas,7 Logan Hill,crosas23@comcast.net,89
Camile,Ketts,Llewelly,645 Nova Crossing,cllewelly24@buzzfeed.com,19
Alfy,Norville,Dobey,65385 Ohio Avenue,adobey25@skyrock.com,54
Udale,Crispe,Rubes,4 Rowland Junction,urubes26@mayoclinic.com,64
Agace,Senussi,Vogelein,3894 Cordelia Center,avogelein27@fda.gov,94
Gianina,Barrat,Summerlad,942 New Castle Hill,gsummerlad28@networkadvertising.org,88
Worthy,Hyndes,Fosdike,53 Prairieview Pass,wfosdike29@meetup.com,77
Shir,Napoleone,Desantis,99796 Bellgrove Crossing,sdesantis2a@paginegialle.it,9
Garrik,Peinton,Ducker,57 Mallory Place,gducker2b@ask.com,43
Carolyne,Handmore,Fluin,80 Starling Park,cfluin2c@samsung.com,90
Dorolisa,Perrelli,Gerault,245 Mccormick Crossing,dgerault2d@godaddy.com,71
Rozamond,Chaston,Cattonnet,1355 Knutson Terrace,rcattonnet2e@zimbio.com,62
Uri,Clears,Aldcorne,82 Colorado Hill,ualdcorne2f@bloglines.com,10
Nolie,Sheircliffe,Dacombe,9 Algoma Point,ndacombe2g@boston.com,6
Deva,Philipps,Seedull,845 Prairieview Avenue,dseedull2h@webnode.com,40
Martynne,Heaney,Lincey,0 Calypso Junction,mlincey2i@theatlantic.com,17
Katalin,Boulds,Lenney,175 Michigan Road,klenney2j@discovery.com,83
Frederigo,Robardet,Hardaker,2 Mesta Plaza,fhardaker2k@flickr.com,12
Tristam,Reddoch,Rubinivitz,5 Logan Alley,trubinivitz2l@i2i.jp,5
Joly,Bough,Lavallie,1 Harbort Way,jlavallie2m@digg.com,100
Barnett,Dinley,Thomerson,27185 Boyd Parkway,bthomerson2n@buzzfeed.com,91
Pavlov,Betteney,Scrymgeour,603 Stang Avenue,pscrymgeour2o@harvard.edu,43
Alleen,Gaines,Lowing,6130 Dunning Pass,alowing2p@wix.com,6
Emmery,Frowd,Racine,502 Nevada Street,eracine2q@multiply.com,26
Skipton,Boldock,Zuenelli,84741 Northridge Avenue,szuenelli2r@weather.com,44
Ardene,Seager,Reightley,2874 Northport Circle,areightley2s@pcworld.com,83
Kelley,Vowell,Langtry,026 Bultman Plaza,klangtry2t@eventbrite.com,77
Philis,Richardin,Hunting,004 Shoshone Lane,phunting2u@mashable.com,36
Katherina,Pinnock,Rotherham,0 Novick Park,krotherham2v@twitter.com,73
Georgetta,Biggs,Pursey,610 Eliot Point,gpursey2w@desdev.cn,20
Maddy,Bernath,Pane,034 Debs Junction,mpane2x@google.es,5
Rowena,McKeran,Beavon,523 Hauk Hill,rbeavon2y@time.com,34
Ag,Cockin,Chaddock,83922 Buena Vista Pass,achaddock2z@taobao.com,60
Lorrin,Jope,Mulbery,168 Granby Court,lmulbery30@360.cn,72
Ashbey,Besque,Skains,4562 Little Fleur Drive,askains31@storify.com,72
Quincy,Hollow,Gores,73842 Fallview Road,qgores32@scientificamerican.com,37
Kimmy,Nestor,Vreiberg,26044 Brickson Park Lane,kvreiberg33@twitpic.com,80
Charlie,Ewington,Predohl,6 Toban Place,cpredohl34@redcross.org,93
Eula,Belford,Clowsley,4225 Southridge Avenue,eclowsley35@deviantart.com,60
Woodman,Sebborn,Tampen,81870 Corben Way,wtampen36@istockphoto.com,86
Melitta,Heindrich,Potzold,816 Pleasure Avenue,mpotzold37@ustream.tv,23
Chastity,Wakelin,Yakubowicz,76 Continental Junction,cyakubowicz38@umn.edu,82
Flory,Bointon,MacRory,903 Meadow Valley Trail,fmacrory39@ucoz.ru,82
Doroteya,Garth,Abbison,063 Londonderry Drive,dabbison3a@acquirethisname.com,10
Darrel,Burnell,Barnfield,69580 Union Trail,dbarnfield3b@clickbank.net,61
David,Peevor,Challiss,99906 Old Shore Drive,dchalliss3c@salon.com,10
Isabelita,Davidove,Keeling,8926 Nova Place,ikeeling3d@sphinn.com,97
Lammond,Deppen,Treppas,75488 Eastlawn Trail,ltreppas3e@angelfire.com,49
Tadeas,Brammer,Bourne,6652 Northfield Trail,tbourne3f@myspace.com,76
Adolphe,Venour,Denacamp,2 Dwight Street,adenacamp3g@ustream.tv,19
Burgess,Reedman,Patridge,62 Oak Valley Plaza,bpatridge3h@chronoengine.com,99
Jessy,Nickoles,Disney,083 Waubesa Parkway,jdisney3i@springer.com,11
Wash,Bavidge,Caldero,93 Springview Court,wcaldero3j@state.tx.us,9
Anna,Vodden,Banbrigge,8 Macpherson Crossing,abanbrigge3k@economist.com,83
Belicia,Pullan,Pratt,10501 La Follette Lane,bpratt3l@noaa.gov,53
Joella,Gwyneth,Hassey,44 Daystar Drive,jhassey3m@feedburner.com,42
Teresina,Cappell,Rumble,1 Summerview Street,trumble3n@flavors.me,89
Mortie,Ateggart,Freyne,97468 Troy Trail,mfreyne3o@wikipedia.org,14
Emilia,Lisciandro,Corrado,3 Golf Course Way,ecorrado3p@washingtonpost.com,26
Aurthur,Lichtfoth,Jude,43 Ruskin Drive,ajude3q@ebay.co.uk,97
Kaleena,Cusack,Risso,48 School Terrace,krisso3r@usgs.gov,93
Wolfgang,Andrzej,Ryrie,41 Lotheville Lane,wryrie3s@sfgate.com,88
Cele,Barehead,Grinishin,08821 American Ash Point,cgrinishin3t@tmall.com,26
Lebbie,Kayzer,Hamprecht,1 Eastwood Drive,lhamprecht3u@usatoday.com,79
Jacqueline,Ben,Halwood,908 Corscot Plaza,jhalwood3v@utexas.edu,51
Ford,Ponting,Droogan,21 Lerdahl Junction,fdroogan3w@delicious.com,8
Whitney,Izkoveski,Bertomeu,500 Artisan Hill,wbertomeu3x@sphinn.com,60
Myriam,Luxmoore,Balk,191 Washington Park,mbalk3y@photobucket.com,63
Fabien,Rosedale,Siflet,4332 Graedel Pass,fsiflet3z@lulu.com,98
Nowell,Fasey,Fearne,319 East Pass,nfearne40@tinypic.com,2
Raffaello,Naseby,Wellbelove,4798 Nova Hill,rwellbelove41@alibaba.com,78
Mae,Stetson,Bampkin,10 Anzinger Parkway,mbampkin42@angelfire.com,32
Shelagh,Stenet,Coop,91031 Buena Vista Junction,scoop43@narod.ru,8
Pincus,Pawelek,Robbert,7359 Lawn Plaza,probbert44@java.com,77
Ilyssa,Bartleman,Mathivon,91 Carpenter Parkway,imathivon45@smh.com.au,35
Francisca,Braunstein,Borrows,99 Summit Center,fborrows46@skype.com,38
Kylie,Caron,McGeady,584 Sauthoff Way,kmcgeady47@amazon.co.jp,92
Wade,Ricards,Grieveson,58158 Londonderry Center,wgrieveson48@ezinearticles.com,54
Dorris,Vampouille,Garrand,69386 Jenna Way,dgarrand49@zimbio.com,58
Kirstyn,MacNeilley,Arend,69639 Anniversary Place,karend4a@arstechnica.com,88
Karoline,Lamberts,Beldam,59 Hoepker Crossing,kbeldam4b@hostgator.com,86
Aeriell,Ellgood,Raubheim,958 Mifflin Terrace,araubheim4c@blogger.com,51
Tomlin,Gores,Portman,62994 High Crossing Parkway,tportman4d@psu.edu,14
Fidelio,Colebeck,Burchess,49 Mayfield Court,fburchess4e@photobucket.com,11
Shalom,Hedylstone,Cloutt,2127 Menomonie Street,scloutt4f@dedecms.com,39
Kendre,Gillooly,Sicha,4 School Hill,ksicha4g@parallels.com,7
Manny,Averay,Lisciardelli,29 Harbort Way,mlisciardelli4h@biglobe.ne.jp,33
Cyndy,Vivyan,Le Provost,519 Esch Lane,cleprovost4i@imdb.com,73
Sibylla,Vogele,Hamlyn,73866 Graedel Pass,shamlyn4j@google.com,47
Hailey,Jellings,Sperry,96391 Fair Oaks Crossing,hsperry4k@diigo.com,47
Grethel,Cowmeadow,Baldick,11 Grover Road,gbaldick4l@shareasale.com,77
Dolph,Crowcombe,Oland,599 Sunnyside Avenue,doland4m@dmoz.org,23
Pamella,Stockney,Batiste,680 Scofield Drive,pbatiste4n@slideshare.net,7
Barclay,Ferryn,Grayne,7639 Lerdahl Hill,bgrayne4o@sbwire.com,23
Mae,Coker,Duckitt,4 Lindbergh Street,mduckitt4p@g.co,90
Antonina,Stichall,MacNeachtain,44 Shoshone Way,amacneachtain4q@qq.com,62
Cecil,Begwell,Pridham,00385 Goodland Court,cpridham4r@economist.com,7
Aldrich,Jimson,Leveritt,37003 Kingsford Road,aleveritt4s@bloglines.com,1
Courtney,Cawdron,Rooney,7 Gateway Hill,crooney4t@who.int,44
Cal,Treherne,Kayes,00341 Kedzie Center,ckayes4u@utexas.edu,15
Charo,Tolhurst,MacIlriach,5908 Bunting Circle,cmacilriach4v@illinois.edu,74
Ramsay,Grinyakin,Kensett,325 Oriole Road,rkensett4w@sourceforge.net,70
Meaghan,Cholmondeley,Coltan,9 Heath Avenue,mcoltan4x@samsung.com,48
Glad,Conahy,Tetther,1349 Starling Drive,gtetther4y@google.nl,85
Kara,Sturman,Bagott,76527 Di Loreto Drive,kbagott4z@boston.com,72
Leighton,Bartoszewski,Bruneton,4 Trailsway Junction,lbruneton50@simplemachines.org,41
Arlyn,Issitt,Toplin,406 Vahlen Junction,atoplin51@youku.com,48
Gonzales,Jenman,Jodrelle,382 Forest Dale Crossing,gjodrelle52@vinaora.com,88
Everard,Brolan,Lowles,9 Canary Road,elowles53@meetup.com,33
Marjory,Burnall,Lago,03 Dexter Parkway,mlago54@aboutads.info,67
Fionnula,Siney,Beddie,6749 Merchant Drive,fbeddie55@4shared.com,62
Johnnie,Leatherbarrow,Strother,39 Rutledge Plaza,jstrother56@tripod.com,7
Judah,Allawy,Barbour,1406 Evergreen Parkway,jbarbour57@state.gov,23
Wallache,Tunnacliffe,Buy,3 Onsgard Lane,wbuy58@upenn.edu,47
Colet,Gaitley,Row,01 Rutledge Avenue,crow59@diigo.com,61
Malinda,Emerine,Demaid,59 Tennyson Circle,mdemaid5a@ebay.co.uk,27
Nanette,Peek,Mew,8024 Manitowish Point,nmew5b@geocities.com,94
Emiline,Colbrun,Ivanenko,46 Rusk Lane,eivanenko5c@illinois.edu,4
Mayor,Lassell,Landsberg,61085 Dixon Crossing,mlandsberg5d@businessweek.com,21
Aleda,Westwater,Simmill,237 Riverside Avenue,asimmill5e@aboutads.info,85
Dirk,Vase,Petel,9 Russell Place,dpetel5f@yolasite.com,4
Joann,Tatershall,Hegge,0 Warner Center,jhegge5g@japanpost.jp,79
Winne,Maus,Brotherhead,31546 2nd Plaza,wbrotherhead5h@moonfruit.com,44
Amory,Attenborrow,Javes,44185 Schurz Plaza,ajaves5i@shareasale.com,37
Bradan,Coyle,Gravells,0 Corben Avenue,bgravells5j@google.es,27
Kaleb,Beake,Akid,189 Oxford Alley,kakid5k@devhub.com,93
Johnna,Josilowski,Villa,5681 Moulton Alley,jvilla5l@last.fm,48
Christiane,Sapauton,Beardwell,493 Fuller Place,cbeardwell5m@a8.net,31
Ingunna,Bradwell,Goosey,9693 Helena Parkway,igoosey5n@shinystat.com,61
Dorey,Gerred,Musgrave,72 Huxley Park,dmusgrave5o@vimeo.com,67
Clemmie,Dowbiggin,Teague,4 American Ash Park,cteague5p@netlog.com,12
Mike,Duerden,Wattisham,6 Twin Pines Road,mwattisham5q@bbc.co.uk,53
Klaus,Mellor,Larchiere,15505 Nevada Court,klarchiere5r@goo.gl,55
Guillemette,Peers,Eley,32 Tennyson Lane,geley5s@senate.gov,80
Janela,Bowart,Erridge,91 Schmedeman Court,jerridge5t@google.nl,87
Amandy,Nelsen,Dignon,217 Monterey Street,adignon5u@arstechnica.com,25
Sam,Scranny,Northley,670 Di Loreto Alley,snorthley5v@ask.com,96
Monica,Tassel,Molian,30 Dayton Crossing,mmolian5w@diigo.com,97
Roch,Decourt,Phethean,318 Eastlawn Circle,rphethean5x@twitpic.com,10
Bess,Monument,Rapper,97 North Hill,brapper5y@naver.com,92
Booth,Heardman,Cornforth,20916 Hanover Street,bcornforth5z@craigslist.org,71
Horatius,Zoephel,Huyton,076 Nobel Center,hhuyton60@desdev.cn,94
Karlotta,Blaksland,Gilhooley,7 Hanson Way,kgilhooley61@businessinsider.com,67
Sandye,Goldstone,Joutapaitis,64818 Morning Circle,sjoutapaitis62@goo.ne.jp,54
Moria,Crampin,Behr,5532 Iowa Center,mbehr63@cornell.edu,36
Rosene,Shuttlewood,Sired,55 Fairfield Pass,rsired64@ebay.com,66
Perkin,Fance,Jickles,359 Debra Park,pjickles65@lycos.com,35
Mattias,Kleinert,Pantridge,18104 Springs Park,mpantridge66@ning.com,1
Van,Fonteyne,McRorie,391 Derek Parkway,vmcrorie67@uiuc.edu,76
Gratiana,Putnam,Halwill,3357 Donald Plaza,ghalwill68@odnoklassniki.ru,100
Christiane,Carlsson,Phillipps,784 Jana Circle,cphillipps69@house.gov,79
Annaliese,Duinbleton,Danilishin,06 Dawn Park,adanilishin6a@stumbleupon.com,27
Darnell,Consterdine,Sauvan,554 Spohn Junction,dsauvan6b@imgur.com,61
Gaby,Avramow,McMenamy,01 Loftsgordon Drive,gmcmenamy6c@rediff.com,99
Bryon,Furniss,Mayhew,15485 Evergreen Court,bmayhew6d@paginegialle.it,39
Clementine,Farnie,Hammill,1735 Thackeray Parkway,chammill6e@constantcontact.com,90
Dennet,Glascott,Branigan,43741 Graedel Avenue,dbranigan6f@indiegogo.com,99
Karla,Auguste,Anton,479 Lakewood Gardens Junction,kanton6g@bandcamp.com,56
Gustie,Coling,Seedman,3 Porter Center,gseedman6h@sogou.com,20
Godiva,Honatsch,Hegges,03907 Fulton Parkway,ghegges6i@whitehouse.gov,66
Mikey,Kinlock,Hilland,7 South Street,mhilland6j@marriott.com,8
Herby,Urion,Brewster,26147 Arapahoe Road,hbrewster6k@google.nl,98
Mychal,Rolston,Gourlie,36747 Morrow Park,mgourlie6l@about.com,24
Orrin,Arnson,Gudger,362 Brown Center,ogudger6m@google.ru,22
Anissa,Anney,Allery,1 Mallard Point,aallery6n@slideshare.net,33
Munroe,Kelwaybamber,Kibbel,1 Clove Avenue,mkibbel6o@webnode.com,42
Lacee,Innman,Dowzell,361 Artisan Way,ldowzell6p@gravatar.com,84
Margie,Hattersley,Isted,1 High Crossing Terrace,misted6q@edublogs.org,47
Aeriela,Charlesworth,Warrener,29038 Hanson Alley,awarrener6r@amazon.co.uk,78
Vanny,Lambe,Worswick,533 New Castle Avenue,vworswick6s@va.gov,46
Brenn,Erat,Draude,31 Barnett Junction,bdraude6t@google.com.br,95
Blanche,Blease,Ollerton,351 Dayton Crossing,bollerton6u@slate.com,99
Bryn,Absolem,Vynoll,97308 Golf Course Alley,bvynoll6v@livejournal.com,99
Town,Rosbotham,Podbury,9 Warrior Drive,tpodbury6w@earthlink.net,38
Suzi,Round,Crafts,4246 Little Fleur Plaza,scrafts6x@wordpress.com,57
Hilliard,Fetters,Fennelow,902 Caliangt Pass,hfennelow6y@twitpic.com,81
Alejandro,Trasler,Downing,744 Logan Plaza,adowning6z@gizmodo.com,30
Mag,Trees,Gohn,3460 Kim Lane,mgohn70@storify.com,13
Cullie,Truscott,Reeder,523 Oakridge Lane,creeder71@clickbank.net,20
Trudy,Ricioppo,MacNess,4 Thierer Drive,tmacness72@pcworld.com,75
Paddie,Chowne,Teale,32068 Texas Avenue,pteale73@bbc.co.uk,30
Thaxter,Bartolacci,MacCumeskey,9757 Bartelt Park,tmaccumeskey74@nsw.gov.au,80
Araldo,Khoter,Gaspar,3 Vera Hill,agaspar75@drupal.org,41
Gradeigh,Farfalameev,Hearnaman,16344 Bashford Hill,ghearnaman76@dailymotion.com,24
Wendie,Reddecliffe,Penniall,727 Redwing Place,wpenniall77@twitter.com,87
Daphne,Pidgeley,McClinton,88 Towne Street,dmcclinton78@seattletimes.com,84
Carlene,Moneti,Feathersby,6 Browning Avenue,cfeathersby79@mediafire.com,91
Vinny,Clover,Burrass,832 South Crossing,vburrass7a@hibu.com,61
Aubry,Rowen,Torregiani,1 Di Loreto Park,atorregiani7b@uiuc.edu,62
Sophie,Clapston,Trevena,51571 Fisk Alley,strevena7c@rakuten.co.jp,50
Alverta,Heys,Forrestor,1 Mariners Cove Junction,aforrestor7d@arizona.edu,3
Abramo,Jeannard,Wones,5983 Namekagon Parkway,awones7e@amazon.co.jp,19
Arch,Coryndon,Roscoe,7 Drewry Point,aroscoe7f@latimes.com,21
Aviva,Hazlegrove,Richemont,7928 Eliot Hill,arichemont7g@oaic.gov.au,33
Brennen,Habberjam,Mablestone,265 Morningstar Point,bmablestone7h@twitter.com,85
Daisi,ducarme,Osgodby,8169 Merry Circle,dosgodby7i@canalblog.com,45
Edyth,Darte,Casebourne,04 Mcbride Park,ecasebourne7j@ca.gov,3
Britni,Campbell,Chancelier,4062 Loeprich Lane,bchancelier7k@ihg.com,37
Willem,Ruprich,Borsnall,5 Marcy Pass,wborsnall7l@senate.gov,12
Culley,Gagen,Coulthurst,164 Warbler Junction,ccoulthurst7m@weebly.com,74
L;urette,Raund,Powis,948 Memorial Alley,lpowis7n@google.com.au,84
Sibel,Gianotti,Shervil,4073 Scoville Park,sshervil7o@slashdot.org,88
Melba,Petr,Hitchens,608 Milwaukee Park,mhitchens7p@usatoday.com,13
Arie,Simonel,Gersam,9499 Burning Wood Crossing,agersam7q@clickbank.net,26
Ola,Juares,Keitch,1 Independence Place,okeitch7r@sitemeter.com,76
Washington,Jenner,Averill,73 Buell Court,waverill7s@diigo.com,55
Elianore,Ballaam,Bischoff,9421 Golf Way,ebischoff7t@tripod.com,10
Juliann,Marrion,Besque,7351 Bluestem Point,jbesque7u@a8.net,21
Roth,Matthias,Banishevitz,8483 Basil Place,rbanishevitz7v@engadget.com,18
Staci,Kennifeck,Sothcott,7573 Steensland Parkway,ssothcott7w@bbb.org,73
Michale,Napolione,Conwell,3240 Barby Hill,mconwell7x@facebook.com,47
Bendite,Smiz,Hay,8401 Golf View Drive,bhay7y@elegantthemes.com,46
Mannie,Pedlar,O'Gavin,8 Continental Hill,mogavin7z@diigo.com,61
Gray,Grane,McCardle,1 Jenifer Point,gmccardle80@archive.org,31
Wynn,Dyer,Grindle,57 Veith Lane,wgrindle81@51.la,66
Wendye,Tschursch,Splevings,423 Cascade Parkway,wsplevings82@usgs.gov,98
Jonie,Pinchback,Bennallck,19 Spenser Street,jbennallck83@discovery.com,93
Jewelle,Tuke,Brindle,1243 Hovde Road,jbrindle84@123-reg.co.uk,48
Manya,Di Franceschi,MacKellen,77924 Vernon Pass,mmackellen85@cafepress.com,44
Koressa,Luddy,Bonder,86281 Northland Crossing,kbonder86@behance.net,76
Merline,Moorman,Neville,84520 Sullivan Plaza,mneville87@reverbnation.com,56
Christal,Prator,Ogley,75 Judy Center,cogley88@imgur.com,2
Thurston,Cauthra,Lovatt,60 Southridge Alley,tlovatt89@networkadvertising.org,80
Roselia,Loseby,Shiel,9157 Mosinee Point,rshiel8a@dion.ne.jp,45
Gertrudis,Matuszynski,Seyffert,9 Division Lane,gseyffert8b@printfriendly.com,41
Portie,Gollard,Phizackerly,879 Kenwood Way,pphizackerly8c@smh.com.au,61
Brana,Callister,Satch,3 Portage Pass,bsatch8d@jimdo.com,26
Dion,Point,McPaik,01002 Annamark Trail,dmcpaik8e@jimdo.com,49
Barnabas,Bartoleyn,Lovett,4969 Aberg Crossing,blovett8f@slideshare.net,55
Edita,Rossbrooke,Garrattley,6144 Prairieview Trail,egarrattley8g@oakley.com,100
Babita,Tomney,Brooks,481 Springs Park,bbrooks8h@tripadvisor.com,17
Carroll,Mayhou,Hearst,7422 Heffernan Circle,chearst8i@hibu.com,7
Auberta,Pinwill,Nevins,1 Grim Avenue,anevins8j@netlog.com,77
Derrek,Chezelle,Fallis,816 Morningstar Street,dfallis8k@purevolume.com,37
Elaine,Gockelen,Litchmore,7 Superior Alley,elitchmore8l@ftc.gov,49
Rudolfo,Bisson,Edeler,321 Debra Center,redeler8m@globo.com,5
Vernon,Backshell,Dillimore,362 Clyde Gallagher Junction,vdillimore8n@ihg.com,76
Hermione,Sandercock,Yurocjhin,901 Schmedeman Parkway,hyurocjhin8o@blogspot.com,40
Emlyn,Till,Drance,086 Roth Hill,edrance8p@nasa.gov,78
Val,Stoeck,Lindholm,1 Spenser Trail,vlindholm8q@list-manage.com,56
Colette,Brumfitt,MacVagh,812 Oakridge Alley,cmacvagh8r@ycombinator.com,34
Rosco,Banister,Hurling,323 Truax Crossing,rhurling8s@japanpost.jp,34
Jock,Potebury,Clancey,8662 David Junction,jclancey8t@google.co.uk,82
Moises,Ireland,Bockings,8 Riverside Trail,mbockings8u@irs.gov,10
Anne-marie,Figgs,Winthrop,613 Cody Point,awinthrop8v@photobucket.com,82
Michelina,Bortol,Southby,47006 Stone Corner Court,msouthby8w@wufoo.com,62
Jacquette,McGorley,Driscoll,98876 Merchant Pass,jdriscoll8x@whitehouse.gov,66
Andrea,Guilford,Marson,681 Southridge Park,amarson8y@sciencedirect.com,66
Letti,Hinckley,Duddell,80106 Gateway Terrace,lduddell8z@tamu.edu,15
Lazare,Peasby,Dibbe,874 Golden Leaf Crossing,ldibbe90@ustream.tv,2
Arlyn,Laurenz,Caldera,5 Monica Road,acaldera91@walmart.com,18
Jacenta,McCerery,Paul,427 Northwestern Pass,jpaul92@ifeng.com,20
Laughton,Chuck,Penniell,499 Hansons Street,lpenniell93@sogou.com,36
Hendrika,Blaes,Flute,8217 South Center,hflute94@slashdot.org,97
Kris,Enoksson,Franzettoini,0 Mallory Trail,kfranzettoini95@mediafire.com,90
Magda,Marre,Polini,0062 Ridgeview Junction,mpolini96@ebay.com,30
Cleopatra,Cannell,Angel,80 Erie Lane,cangel97@so-net.ne.jp,33
Aurlie,Raynor,Dahlberg,34953 Esch Parkway,adahlberg98@alexa.com,85
Lotti,Kissell,Betonia,7 Cardinal Lane,lbetonia99@si.edu,84
Galvan,Wetton,Birchenhead,47 Westerfield Avenue,gbirchenhead9a@indiatimes.com,66
Mandie,Foulds,Basden,7 Graedel Avenue,mbasden9b@howstuffworks.com,58
Georg,Danelut,Blasi,25 Westridge Pass,gblasi9c@cpanel.net,22
Gallard,Knowlden,Scrane,14615 Dennis Terrace,gscrane9d@jimdo.com,13
Ryon,Staden,Element,43 Hoard Lane,relement9e@house.gov,94
Reagen,Ginnell,MacKaile,63 Morrow Avenue,rmackaile9f@house.gov,1
Constantine,Whiteoak,Wakerley,164 Vera Junction,cwakerley9g@cisco.com,29
Laraine,Pull,Caplan,03190 Crescent Oaks Junction,lcaplan9h@wikimedia.org,49
Tiffie,Wharrier,Ashness,95 Thackeray Way,tashness9i@nasa.gov,44
Fields,Larchiere,Nenci,4 Dexter Trail,fnenci9j@blog.com,41
Hardy,Croster,Exposito,12326 Moulton Road,hexposito9k@dedecms.com,68
Winifred,Hayler,Matic,673 Lyons Park,wmatic9l@netscape.com,85
Oran,Wordsley,Broadbear,262 Summit Center,obroadbear9m@dailymail.co.uk,76
Carson,Ineson,Ramsell,3 Coleman Center,cramsell9n@youku.com,68
Floyd,Kemm,Sally,66 Sullivan Park,fsally9o@cnet.com,75
Englebert,Danilin,Bantham,9304 Eastwood Plaza,ebantham9p@google.com,1
Tedra,Hassett,Landor,382 Beilfuss Alley,tlandor9q@ovh.net,88
Phineas,Wilman,Foskett,47896 Fairview Parkway,pfoskett9r@foxnews.com,2
Matthias,Vannah,Renneke,802 Express Alley,mrenneke9s@github.com,95
Lillian,Heintze,Camilletti,81 Marquette Park,lcamilletti9t@lycos.com,16
Elisa,de Werk,Harland,25240 Eliot Plaza,eharland9u@usatoday.com,76
Vernon,Posselt,Standage,860 Porter Place,vstandage9v@amazon.com,40
Michelina,Talmadge,Pigdon,35481 Hoepker Junction,mpigdon9w@patch.com,30
Pedro,Tollmache,Danielczyk,101 Sauthoff Terrace,pdanielczyk9x@google.ca,46
Alaric,Bidmead,Austen,6 Kedzie Circle,aausten9y@howstuffworks.com,34
Juliet,Mayoral,Luto,285 Darwin Crossing,jluto9z@foxnews.com,23
Benjamin,Wardell,Hedney,5 Merry Parkway,bhedneya0@shop-pro.jp,95
Dyna,Bumfrey,Hayler,7 Carioca Plaza,dhaylera1@tripadvisor.com,36
Celestina,Woodroofe,Scala,58000 Golf View Junction,cscalaa2@springer.com,30
Crissie,Pietrowski,Strongitharm,7 Ludington Plaza,cstrongitharma3@instagram.com,13
Virgil,Tunney,Silk,13910 East Terrace,vsilka4@vistaprint.com,23
Gayel,Baudi,De Gowe,916 Meadow Ridge Place,gdegowea5@eventbrite.com,10
Malachi,Evreux,Habishaw,6957 Blaine Plaza,mhabishawa6@ow.ly,68
Nicoli,Cossey,Crichton,1 Pankratz Way,ncrichtona7@symantec.com,97
Arlyn,Chetter,Davsley,2203 Goodland Crossing,adavsleya8@intel.com,49
Bab,Grishankov,Thorald,68 Warrior Way,bthoralda9@icio.us,57
Karisa,Dorn,Macek,65372 Grover Point,kmacekaa@constantcontact.com,28
Koo,Woodroff,Rasell,20347 Hermina Street,krasellab@marriott.com,98
Gleda,Ghilardini,Adnams,38 Fremont Junction,gadnamsac@ca.gov,48
Benny,Turgoose,Dilnot,692 Division Avenue,bdilnotad@t-online.de,49
Leona,Bohey,Springall,59474 Bartillon Place,lspringallae@yandex.ru,49
Evin,Bees,Niezen,79 Wayridge Way,eniezenaf@ucsd.edu,22
Kiley,Rathjen,Fosh,6241 Laurel Alley,kfoshag@blogspot.com,49
Grete,Nary,Weare,8 Banding Crossing,gweareah@ucoz.ru,60
Vinni,Shallcroff,Casillis,56703 Bellgrove Junction,vcasillisai@github.com,22
Adham,Hardy-Piggin,Simnell,18 Pepper Wood Circle,asimnellaj@netscape.com,37
Leif,Gilhooly,Tebb,7 Kingsford Place,ltebbak@diigo.com,17
Lotte,Deny,Bather,467 Blaine Hill,lbatheral@tiny.cc,83
Luigi,Petrov,Legate,511 Northfield Hill,llegateam@smh.com.au,26
Brigid,Hazeley,Dickman,58492 Burrows Road,bdickmanan@cbslocal.com,75
Doyle,Saffon,Vasilyevski,24800 Bultman Plaza,dvasilyevskiao@simplemachines.org,65
Berk,Paramore,Sher,33 North Point,bsherap@geocities.jp,45
Keefe,Ridley,Peake,76231 Schlimgen Court,kpeakeaq@reference.com,59
Ulises,Marklin,Hazeldene,672 Sachtjen Drive,uhazeldenear@mysql.com,13
Hedwig,Rantoull,Lambe,217 Rowland Park,hlambeas@t.co,18
Eustacia,Chillingsworth,Scarsbrook,9656 Heath Junction,escarsbrookat@army.mil,22
Gerhardine,Gilli,Watters,5768 Harper Pass,gwattersau@ftc.gov,53
Josiah,Fortman,Cockshtt,0 Florence Place,jcockshttav@hhs.gov,1
Catarina,Michelmore,Buzine,6964 Crowley Junction,cbuzineaw@gnu.org,23
Erinn,Ygoe,Giannasi,9 Welch Hill,egiannasiax@moonfruit.com,93
Sari,Dopson,Skamal,7695 Schiller Center,sskamalay@wordpress.org,81
Neils,Larroway,Varndall,34777 5th Drive,nvarndallaz@time.com,98
Petrina,Von Helmholtz,Duffil,38978 Wayridge Drive,pduffilb0@nyu.edu,87
Hastie,Rosen,Kubacki,3703 Colorado Circle,hkubackib1@vinaora.com,71
Jerrie,Kamiyama,Gotts,91467 Elmside Lane,jgottsb2@umn.edu,22
Artemas,Greest,Saltmarsh,6 Fairfield Road,asaltmarshb3@gov.uk,45
Symon,Lumbley,Gorring,55 Lunder Place,sgorringb4@dion.ne.jp,18
Erl,Willbourne,Ofer,095 Service Hill,eoferb5@1und1.de,3
Simonette,McGreary,Downing,4911 Mayfield Hill,sdowningb6@privacy.gov.au,74
Pammie,Troyes,Lello,356 Londonderry Avenue,plellob7@ucoz.ru,23
Patricia,Cockman,Boyde,68897 Goodland Street,pboydeb8@ox.ac.uk,66
Dorie,Stirman,Longea,06763 Dixon Drive,dlongeab9@chronoengine.com,34
Gabie,Van Der Straaten,Monson,2372 Pond Lane,gmonsonba@hud.gov,76
Bogey,Gulk,Chancellor,39176 Forster Crossing,bchancellorbb@usgs.gov,41
Gabrila,Broggetti,Knoble,394 Park Meadow Park,gknoblebc@cdbaby.com,26
Celeste,Dunlop,Gidley,99625 Moose Point,cgidleybd@twitter.com,62
Meggy,Veryan,Clemitt,1 Lake View Pass,mclemittbe@nationalgeographic.com,65
Paquito,Duncombe,Dyott,1188 Farmco Drive,pdyottbf@hibu.com,82
Penn,Frizzell,Ambrodi,0 Monterey Way,pambrodibg@com.com,7
Foss,Wistance,Imesen,9828 Swallow Street,fimesenbh@earthlink.net,57
Mil,Pollastro,Parkins,0048 East Park,mparkinsbi@sakura.ne.jp,49
Trude,Cammish,Adkin,51871 Springview Circle,tadkinbj@bloglovin.com,19
Fitzgerald,Sudy,Kleinert,2030 Farragut Court,fkleinertbk@omniture.com,20
Storm,Sankey,Harbin,4196 Dawn Lane,sharbinbl@dion.ne.jp,94
Billie,Hegel,Hails,7 Karstens Pass,bhailsbm@amazon.co.jp,67
Rebecka,Beddoes,Woodfield,441 8th Place,rwoodfieldbn@usnews.com,44
Tiebold,Vakhrushin,Cheek,91 Dawn Point,tcheekbo@webeden.co.uk,70
Carly,Eilles,Trahmel,04 Sheridan Crossing,ctrahmelbp@google.ca,40
Becky,Bergstrand,Sleney,9384 Stang Street,bsleneybq@privacy.gov.au,65
Julianna,Raison,Matveichev,43 Spaight Court,jmatveichevbr@g.co,16
Carter,Penman,De Rechter,116 Welch Trail,cderechterbs@va.gov,40
Siana,Elcoate,Eggleton,46298 Summerview Park,seggletonbt@wiley.com,52
Cherilynn,Langford,Glaserman,2 Weeping Birch Place,cglasermanbu@disqus.com,33
Filberto,Toward,Guesford,15 Ridge Oak Street,fguesfordbv@google.pl,59
Brody,Kirgan,Bashford,239 Thompson Crossing,bbashfordbw@friendfeed.com,97
Ramsay,Olennikov,Bernasek,800 Elmside Plaza,rbernasekbx@dyndns.org,43
Reinhold,Muldrew,Drysdale,60110 Hazelcrest Circle,rdrysdaleby@technorati.com,77
Wendie,Lawdham,Ferrierio,282 Meadow Ridge Way,wferrieriobz@vimeo.com,88
Karlie,Redsell,Bocock,6 Cody Terrace,kbocockc0@jimdo.com,49
Lesley,Lindberg,Skittreal,082 Schmedeman Court,lskittrealc1@vistaprint.com,29
Tabbie,Ginnally,Pieter,51744 Jackson Terrace,tpieterc2@unblog.fr,48
Buck,Custed,Weson,5285 Lindbergh Circle,bwesonc3@gravatar.com,62
Melisse,Kroll,Tuffrey,13068 Elmside Parkway,mtuffreyc4@mediafire.com,84
Kattie,Draper,Sottell,884 Cordelia Pass,ksottellc5@sbwire.com,94
Orelee,Lanceter,Ricketts,7596 Derek Place,orickettsc6@mtv.com,41
Timi,Clewes,Guisot,3314 Summit Center,tguisotc7@smugmug.com,47
Thoma,Davitti,Goscar,263 Merry Hill,tgoscarc8@aol.com,10
Jamesy,Paraman,Ritmeier,8 Anhalt Park,jritmeierc9@ning.com,70
Louisette,Chuter,Bernardotte,963 Melrose Pass,lbernardotteca@creativecommons.org,74
Floria,Spendlove,Rudsdale,43547 Warrior Junction,frudsdalecb@google.com,75
Edy,Hollingdale,Lethbury,6993 Gale Place,elethburycc@lycos.com,77
Tabina,Tunney,Bradford,82091 Reindahl Drive,tbradfordcd@digg.com,45
Valeria,Dickinson,Buttel,5 Dapin Road,vbuttelce@tumblr.com,84
Valdemar,Titterell,Gummory,3 Marquette Road,vgummorycf@nhs.uk,53
Abigail,Arnely,Whyberd,4 Calypso Pass,awhyberdcg@mysql.com,10
Jakie,Siggs,Crowd,8 Petterle Court,jcrowdch@yahoo.com,13
Alwyn,Dewfall,Vasyutin,16 Tony Junction,avasyutinci@sciencedirect.com,82
Papagena,Leer,Coleshill,48 Carioca Park,pcoleshillcj@google.com.au,45
Arte,Furmagier,Moncaster,659 Nevada Park,amoncasterck@reuters.com,64
Matthus,Boshere,Largent,717 Dapin Junction,mlargentcl@yahoo.co.jp,23
Goraud,Glavis,Cowern,4 Huxley Crossing,gcowerncm@yahoo.com,94
Tobie,Balshen,D'Emanuele,4299 South Alley,tdemanuelecn@state.gov,43
Marlie,Branca,Lyall,38 Burrows Way,mlyallco@amazonaws.com,50
Jarred,Goffe,Glyne,302 Spaight Plaza,jglynecp@amazon.com,11
Oralee,Snape,Sissons,7259 Emmet Court,osissonscq@amazon.co.jp,44
Neila,Jepps,MacGow,9554 Ryan Court,nmacgowcr@ucla.edu,47
Roman,Lynagh,Dunkirk,966 Homewood Drive,rdunkirkcs@europa.eu,75
Standford,Lyman,Elloy,60221 Stang Park,selloyct@seattletimes.com,15
Birk,Joska,Leasor,73 Gulseth Terrace,bleasorcu@angelfire.com,16
Faythe,Heffernon,Samuel,099 Raven Parkway,fsamuelcv@ebay.co.uk,85
Dara,Blodgetts,Custy,79 Graceland Parkway,dcustycw@timesonline.co.uk,52
Northrop,Simonyi,Jery,05109 Mccormick Court,njerycx@wikia.com,76
Lorelle,Kingston,Breche,2428 Anderson Trail,lbrechecy@army.mil,24
Dot,Foldes,Persitt,22379 Magdeline Center,dpersittcz@google.ru,29
Marshal,Dockerty,Maiden,1353 Fieldstone Park,mmaidend0@sourceforge.net,6
Marinna,Theze,Slowly,5 Jenna Plaza,mslowlyd1@ask.com,18
Cello,Caddies,Sigge,6460 Mendota Alley,csigged2@artisteer.com,4
Dorothy,Marie,Aickin,35598 Tomscot Center,daickind3@accuweather.com,28
Felice,Shinefield,Frisel,8274 Knutson Drive,ffriseld4@fastcompany.com,82
Janna,Avesque,McKibbin,5507 Farmco Junction,jmckibbind5@etsy.com,41
Rafferty,Stavers,Dennant,248 Mallory Crossing,rdennantd6@shinystat.com,92
Jeni,Stacey,Huxstep,8 Everett Avenue,jhuxstepd7@uiuc.edu,19
Rhianna,Howsden,Tother,9 Hovde Trail,rtotherd8@prweb.com,50
Tomas,Traice,Padson,13225 Almo Plaza,tpadsond9@ebay.co.uk,92
Tilda,Revance,Dugget,58146 Roth Way,tduggetda@plala.or.jp,53
Terri-jo,Winter,Striker,51369 Anhalt Junction,tstrikerdb@elpais.com,15
Romola,Dilleston,Payley,983 Ruskin Road,rpayleydc@about.com,4
Jamaal,Dowglass,Hartness,73 Claremont Center,jhartnessdd@umn.edu,16
Anatol,Brandon,Coping,12 Ronald Regan Court,acopingde@homestead.com,30
Phillipe,Vineall,Tindley,9 Basil Pass,ptindleydf@discuz.net,91
Lesli,Jennemann,Margaret,352 Melvin Place,lmargaretdg@ustream.tv,39
Elroy,Tomson,Olding,4 Center Street,eoldingdh@xing.com,66
Ambrose,Simoes,Gai,8 Carberry Terrace,agaidi@dailymail.co.uk,38
Cecil,Spurway,Corragan,33 Hanover Hill,ccorragandj@about.com,60
Kimble,Cansdall,Fullwood,42845 Dayton Place,kfullwooddk@cnn.com,92
Lorrie,Carratt,Panton,325 Surrey Trail,lpantondl@ovh.net,10
Arri,Geleman,Kinglesyd,4010 Lillian Street,akinglesyddm@chicagotribune.com,35
Bennie,Gonzalo,Rogerson,952 Maple Street,brogersondn@topsy.com,61
Richy,Fancott,Thackham,29935 Moland Parkway,rthackhamdo@hud.gov,72
Amabelle,Mahaffey,Crisp,0 Holy Cross Point,acrispdp@bluehost.com,27
Philbert,Feehan,Crosse,4 Eliot Park,pcrossedq@miibeian.gov.cn,13
Siobhan,Livesley,Brinkworth,8 Village Plaza,sbrinkworthdr@miitbeian.gov.cn,58
Ferdie,Munton,Ledram,51081 Vidon Circle,fledramds@canalblog.com,11
Dorita,Low,Haggerty,9196 Sachs Place,dhaggertydt@uiuc.edu,66
Lynnea,Jalland,Gilgryst,050 Clemons Terrace,lgilgrystdu@over-blog.com,83
Ebenezer,McNiven,De Francesco,81 Arkansas Alley,edefrancescodv@cyberchimps.com,2
Chas,Jeans,Aysik,326 Messerschmidt Road,caysikdw@redcross.org,23
Spence,Sywell,Pybworth,4143 Granby Trail,spybworthdx@sakura.ne.jp,16
Michal,Sexon,Blumer,013 Kropf Park,mblumerdy@yelp.com,58
Dario,Hanson,Aingell,2 Troy Hill,daingelldz@youtu.be,74
Adriano,Reedman,Ghilks,9121 Goodland Drive,aghilkse0@multiply.com,54
Austin,Gellion,Aharoni,16424 Morning Road,aaharonie1@prnewswire.com,22
Papagena,Sharper,Housegoe,42 Colorado Center,phousegoee2@berkeley.edu,85
Gretta,Addionisio,Bendin,5 Caliangt Avenue,gbendine3@disqus.com,10
Wally,Laughlin,Mulqueen,370 Donald Road,wmulqueene4@yahoo.co.jp,18
Darell,Thompsett,McComiskey,14130 Sullivan Park,dmccomiskeye5@domainmarket.com,13
Scottie,Bellon,Finlry,063 Crowley Junction,sfinlrye6@woothemes.com,24
Andy,Woolham,Grelik,3246 5th Pass,agrelike7@digg.com,48
Edna,Shenton,Pedley,9889 Bashford Hill,epedleye8@altervista.org,40
Jenine,Beardsall,McPhee,4 Esker Terrace,jmcpheee9@pen.io,91
Monte,Bradbeer,Freschi,8720 Beilfuss Point,mfreschiea@mlb.com,24
Ebony,Alekhov,Gonsalvez,21568 American Center,egonsalvezeb@noaa.gov,94
Hazlett,Cawtheray,Beccera,0341 Anzinger Hill,hbecceraec@noaa.gov,29
Micki,Eccott,Caulwell,77 Florence Plaza,mcaulwelled@networkadvertising.org,87
Lucita,Orro,Sperling,447 La Follette Drive,lsperlingee@ehow.com,29
Torrey,Taggart,Michell,37438 Fulton Hill,tmichellef@scientificamerican.com,63
Diarmid,Stapels,Trett,64527 Victoria Terrace,dtretteg@desdev.cn,76
Ailey,Renzullo,Skill,19 Mcguire Center,askilleh@bravesites.com,95
Morlee,Pirdy,Gleder,90 Grover Point,mglederei@java.com,40
Eugine,Gretton,Rotchell,604 Forster Point,erotchellej@surveymonkey.com,7
Hymie,Waterhous,Willshear,371 Truax Plaza,hwillshearek@bloglines.com,45
Pooh,Alsobrook,Maylam,28638 Kropf Terrace,pmaylamel@princeton.edu,54
Erika,Kayser,Pett,5933 Pawling Circle,epettem@nydailynews.com,80
Jard,Ponder,Kemell,3126 Huxley Crossing,jkemellen@dagondesign.com,17
Lamont,Corragan,O'Crowley,6797 Brown Circle,locrowleyeo@eventbrite.com,46
Ardra,Rawnsley,Mc Corley,64 Dapin Crossing,amccorleyep@sphinn.com,84
Starlene,Tappin,Clemens,59190 Grayhawk Alley,sclemenseq@bravesites.com,62
Nealon,Crathorne,Massen,5 Warner Circle,nmassener@google.fr,32
Angus,Ralph,Sargerson,2 Atwood Hill,asargersones@google.ca,51
Claiborn,Moverley,Stopps,860 Buena Vista Road,cstoppset@delicious.com,88
Ermin,de Juares,Rubinsztein,4062 Birchwood Trail,erubinszteineu@hao123.com,23
Cchaddie,Tripony,Josephi,8182 Bellgrove Crossing,cjosephiev@squarespace.com,26
Edythe,Scully,Dickon,3054 Orin Point,edickonew@weibo.com,31
Chantalle,Dwane,de Banke,082 Huxley Terrace,cdebankeex@mayoclinic.com,21
Niki,Sommerlin,Nand,0379 Northwestern Place,nnandey@wsj.com,76
Doll,MacGiolla Pheadair,Provis,4625 Hazelcrest Trail,dprovisez@mashable.com,24
Sunshine,Antyukhin,Nester,2 Lotheville Parkway,snesterf0@vinaora.com,18
Horatio,Rubertis,Relfe,6 Kenwood Trail,hrelfef1@livejournal.com,82
Evin,Halms,Tumelty,98476 Loomis Junction,etumeltyf2@usa.gov,7
Claudette,Wane,Krochmann,957 Corry Place,ckrochmannf3@tripadvisor.com,38
Corrine,Beche,Kahler,143 Grim Park,ckahlerf4@geocities.com,75
Ardyth,Waldram,Wibrow,12033 Anthes Crossing,awibrowf5@theglobeandmail.com,96
Westley,Saint,Knivett,5 Debra Drive,wknivettf6@diigo.com,33
Kristo,McLenaghan,Thaine,649 Shoshone Terrace,kthainef7@chron.com,39
Kaia,Parrot,Lettice,5596 Linden Center,kletticef8@adobe.com,99
Amandie,Beardwell,Holdron,2 Prairie Rose Court,aholdronf9@printfriendly.com,95
Tamarra,Grigsby,Salthouse,3 Ludington Center,tsalthousefa@issuu.com,21
Celestia,Jovovic,Romagnosi,66 Graedel Junction,cromagnosifb@1688.com,55
Walliw,Tollit,Wigin,39670 Nevada Lane,wwiginfc@g.co,95
Merrill,Vodden,Shafier,2 Lake View Junction,mshafierfd@nbcnews.com,57
Guillemette,Mothersdale,Guttridge,5 Fairview Road,gguttridgefe@sun.com,77
Brenn,Proffitt,Inston,365 Reinke Point,binstonff@alexa.com,65
Denyse,O'Giany,Dulling,1 Melvin Lane,ddullingfg@linkedin.com,52
Colman,Issacoff,Gillott,6443 Artisan Plaza,cgillottfh@altervista.org,65
Kathye,Legrave,Roper,3 Kensington Park,kroperfi@google.com.br,89
Jasper,Clawsley,Sprague,5 Menomonie Lane,jspraguefj@mysql.com,5
Wally,Scarre,Tuohy,2953 Gulseth Trail,wtuohyfk@live.com,21
Christina,Knoble,Danilchev,7 1st Street,cdanilchevfl@stumbleupon.com,11
Randee,Bleas,Gofford,859 Little Fleur Hill,rgoffordfm@linkedin.com,66
Saloma,Hardstaff,Cardo,47 Buell Park,scardofn@imgur.com,49
Joanna,Fritzer,McKerron,5 Longview Center,jmckerronfo@amazon.com,87
Nicole,Oakes,Durnall,7451 Grasskamp Junction,ndurnallfp@trellian.com,14
Elvis,Rama,Pearcy,615 Dottie Terrace,epearcyfq@artisteer.com,8
Eustace,McGenn,Leadbeater,913 Lerdahl Parkway,eleadbeaterfr@devhub.com,30
Kaia,Domanek,Sadat,9 Ramsey Place,ksadatfs@1und1.de,77
Keith,Blacksland,Szymanski,8 Jenifer Drive,kszymanskift@wikimedia.org,24
Madelon,Sanbroke,Ferrettini,62 Bultman Plaza,mferrettinifu@stanford.edu,42
Saw,Aland,Golthorpp,59 Thompson Lane,sgolthorppfv@irs.gov,36
Iona,MacDougal,Cheek,807 Ridge Oak Court,icheekfw@noaa.gov,89
Edlin,Low,Hallawell,66 Armistice Hill,ehallawellfx@cbc.ca,26
Ruperto,Soldner,Schmidt,492 Glendale Place,rschmidtfy@e-recht24.de,58
Brittany,Sindell,Haspineall,1322 Burning Wood Park,bhaspineallfz@microsoft.com,31
Lewes,Franke,Sciacovelli,9285 Everett Place,lsciacovellig0@people.com.cn,52
Brander,Jeafferson,Kinningley,20674 Clemons Terrace,bkinningleyg1@uiuc.edu,91
Diego,Andryunin,Wilkins,40662 Logan Lane,dwilkinsg2@umn.edu,47
Iain,Vlasin,Hayley,08 Roth Circle,ihayleyg3@themeforest.net,6
Linet,Levecque,Sutcliffe,982 Charing Cross Pass,lsutcliffeg4@seattletimes.com,59
Merwyn,Baake,Crimin,246 Esch Alley,mcriming5@pbs.org,86
Rosalinda,Clogg,McCahey,3922 Jenifer Road,rmccaheyg6@salon.com,58
Alvie,Bisgrove,Burgan,0674 Dahle Pass,aburgang7@virginia.edu,95
Javier,Eastway,Rhule,2724 Armistice Avenue,jrhuleg8@nba.com,89
Modestine,Roseman,Maffia,415 Lien Center,mmaffiag9@symantec.com,56
Fleurette,Mc Elory,Hammerberg,496 Heffernan Circle,fhammerbergga@i2i.jp,16
Carree,Wigfield,Tuckey,70 Vidon Avenue,ctuckeygb@howstuffworks.com,100
Odele,Letterese,Dulake,08805 Park Meadow Terrace,odulakegc@amazon.co.jp,49
Abby,Brick,Lawrey,63593 Cottonwood Pass,alawreygd@reference.com,11
Dominique,Simoncelli,Woolfenden,316 Farragut Way,dwoolfendenge@cbc.ca,1
Alfy,Cockin,Walsh,22251 Harper Crossing,awalshgf@youtube.com,12
Virge,Beamond,Varne,484 Eastwood Road,vvarnegg@aboutads.info,52
Field,Deniseau,Junkison,1976 Jenna Road,fjunkisongh@odnoklassniki.ru,16
Sharai,Philo,Dumigan,6522 Shelley Pass,sdumigangi@boston.com,27
Teodor,Pavelka,Doumerc,82630 Dryden Plaza,tdoumercgj@amazon.de,43
Tremayne,McVaugh,Whewill,97 Thompson Way,twhewillgk@cbc.ca,10
Amery,Delle,Challiner,3 Mcguire Road,achallinergl@dot.gov,15
Gray,Umpleby,Brownsea,36621 Stone Corner Point,gbrownseagm@drupal.org,18
Lucien,Fyall,Van Arsdalen,27 Charing Cross Circle,lvanarsdalengn@umn.edu,60
Natal,Ryson,Mixter,57 Derek Terrace,nmixtergo@forbes.com,50
Evania,Todman,McLane,6483 Schiller Court,emclanegp@wix.com,61
Eugenia,Hamlington,Penddreth,010 Schmedeman Road,ependdrethgq@linkedin.com,84
Blancha,Gullyes,Bonelle,80 Pine View Lane,bbonellegr@pagesperso-orange.fr,59
Monro,Simoneton,Riseborough,69193 Troy Plaza,mriseboroughgs@tmall.com,15
Hyacintha,Gonnet,Gelsthorpe,1 Loomis Avenue,hgelsthorpegt@narod.ru,52
Alyss,Nowaczyk,Tembey,930 Eagan Terrace,atembeygu@topsy.com,37
Cornell,Lisciandri,Dowd,3 John Wall Way,cdowdgv@ezinearticles.com,75
Rab,Hynd,Krebs,3 Sage Circle,rkrebsgw@ocn.ne.jp,87
Ariela,Powdrell,Erik,9 Ryan Circle,aerikgx@soup.io,57
Durant,Innis,Gogie,689 Hovde Center,dgogiegy@printfriendly.com,39
Bastien,Dragge,Giacobazzi,1 Veith Street,bgiacobazzigz@redcross.org,99
Reta,Slingsby,Stanbro,71893 Warner Crossing,rstanbroh0@tripadvisor.com,24
Gilburt,Fulbrook,Misselbrook,312 Moose Crossing,gmisselbrookh1@nyu.edu,86
Willow,Mennithorp,Fountian,8 Reindahl Street,wfountianh2@springer.com,41
Tory,Brownlow,Habble,77 Glendale Junction,thabbleh3@ibm.com,18
Stafani,Lambis,Najafian,07429 Muir Drive,snajafianh4@prweb.com,25
Lance,Scoffins,Sizland,65173 Blue Bill Park Road,lsizlandh5@sfgate.com,6
Jewell,Friar,Dumpleton,04 Loeprich Center,jdumpletonh6@friendfeed.com,74
Jaime,Hodgin,Arkil,17 Hooker Circle,jarkilh7@opera.com,100
Berri,Alred,Roddick,5 Arizona Alley,broddickh8@accuweather.com,69
Merrilee,Yarrell,Lowey,26 Rutledge Trail,mloweyh9@omniture.com,10
Jeremie,Netherwood,Luetkemeyers,6 Trailsway Park,jluetkemeyersha@usgs.gov,17
Von,Chippindall,De Ferrari,680 Towne Parkway,vdeferrarihb@unesco.org,20
Muffin,Spollen,Condliffe,6 Shasta Trail,mcondliffehc@dropbox.com,71
Ericka,Paddy,Mouatt,12 Eliot Crossing,emouatthd@spiegel.de,95
Celia,Fawdrey,Wyatt,11 Roxbury Park,cwyatthe@bizjournals.com,54
Lian,Litherborough,Mumbray,6 Northwestern Center,lmumbrayhf@nbcnews.com,40
Seumas,Puckham,Garoghan,9441 Donald Parkway,sgaroghanhg@fda.gov,5
Jessika,Kulver,Velte,1 Westport Road,jveltehh@nhs.uk,66
Alexia,Brolan,Thorndycraft,04589 Scoville Alley,athorndycrafthi@google.fr,86
Gaston,Timlett,Devereux,4 Merchant Street,gdevereuxhj@godaddy.com,24
Addy,Dewsnap,Foxen,5837 Chive Circle,afoxenhk@icio.us,97
Chloris,Sterricker,Parsall,0 Claremont Drive,cparsallhl@list-manage.com,66
Bridget,Bedenham,Gorini,079 Magdeline Court,bgorinihm@bizjournals.com,68
Iona,Daud,Ipsgrave,538 Elmside Drive,iipsgravehn@house.gov,99
Quent,Berry,Dolbey,73874 Doe Crossing Court,qdolbeyho@rambler.ru,15
Kriste,Saylor,Ivakin,0 Forest Plaza,kivakinhp@histats.com,1
Mirabella,Moultrie,Linebarger,10725 Hoffman Street,mlinebargerhq@cafepress.com,91
Cornie,Maclean,Lynnitt,97597 Northland Crossing,clynnitthr@army.mil,42
Lenka,Tomblin,Woller,1131 Red Cloud Terrace,lwollerhs@ameblo.jp,13
Lurleen,Runcieman,Colaton,21308 Grasskamp Trail,lcolatonht@engadget.com,45
Mei,Cordon,Malham,5 Mcguire Pass,mmalhamhu@wikia.com,9
Sharai,Fyfield,Giraudy,3 Sheridan Way,sgiraudyhv@army.mil,54
Valina,Sorbey,Curnnokk,5614 Green Place,vcurnnokkhw@ezinearticles.com,85
Briney,Sabbatier,Husby,98391 Golf Crossing,bhusbyhx@w3.org,93
Giraldo,Larchier,Dexter,5 Buell Avenue,gdexterhy@opera.com,2
Chloe,Gillooly,Lymbourne,38830 Quincy Circle,clymbournehz@edublogs.org,63
Robin,Carl,Larrington,2479 Valley Edge Crossing,rlarringtoni0@baidu.com,83
Fernando,Wale,Stigell,7840 Roxbury Road,fstigelli1@gnu.org,56
Eugene,Udden,Tollerton,707 Stoughton Crossing,etollertoni2@senate.gov,90
Liane,Mc Andrew,Heelis,521 Norway Maple Road,lheelisi3@amazon.co.jp,74
Janis,Jiggle,Taffe,1 Division Hill,jtaffei4@youku.com,56
Thebault,Tocher,Golston,67620 Hintze Park,tgolstoni5@deviantart.com,25
Adina,Thewys,Goodspeed,79012 Oriole Alley,agoodspeedi6@weibo.com,74
Angelique,Le Hucquet,Squibe,8994 Vidon Avenue,asquibei7@google.ru,60
Morie,Dillinger,Lyness,84 Bartillon Trail,mlynessi8@scientificamerican.com,100
Delainey,Arnholdt,Leet,13180 Calypso Park,dleeti9@youtu.be,48
Ward,Reynard,McCully,9470 Packers Trail,wmccullyia@wired.com,99
Colby,Egell,Gatlin,25 Anniversary Junction,cgatlinib@hibu.com,83
Franny,Conn,Hanshaw,2199 Delladonna Alley,fhanshawic@simplemachines.org,83
Bird,Lafford,Creany,3715 Blackbird Park,bcreanyid@google.com,15
Dallas,Mantrup,Yakubowicz,1177 Forster Parkway,dyakubowiczie@army.mil,28
Griselda,De Domenicis,Daniellot,3 Melvin Hill,gdaniellotif@tripadvisor.com,33
Derry,Whitlow,Ambresin,9290 Texas Plaza,dambresinig@vimeo.com,17
Erina,Bewick,Songer,7910 Lyons Way,esongerih@ocn.ne.jp,71
Husein,Silveston,Pedgrift,5 Tennessee Way,hpedgriftii@free.fr,31
Jehu,Coultard,Guess,67950 Stang Parkway,jguessij@npr.org,92
Muire,Parmer,Pouton,80953 Independence Drive,mpoutonik@linkedin.com,11
Lyle,Henkmann,Belvin,7729 International Circle,lbelvinil@usnews.com,83
Vin,Johansen,Rosenstengel,483 Killdeer Plaza,vrosenstengelim@twitpic.com,49
Kelbee,Reddy,Marquand,8741 Loftsgordon Center,kmarquandin@ezinearticles.com,81
Franklyn,Hawsby,Searle,17323 Village Green Street,fsearleio@cafepress.com,19
Philippine,McBain,Leavesley,7 Merchant Park,pleavesleyip@alibaba.com,44
Barri,Clyma,Verissimo,06321 Northwestern Point,bverissimoiq@nba.com,75
Wendall,Keiling,Furmedge,0 Swallow Junction,wfurmedgeir@princeton.edu,54
Shoshanna,Lechmere,Creagh,74287 Luster Crossing,screaghis@amazon.de,13
Marlane,Barnwille,Worthington,088 La Follette Park,mworthingtonit@bluehost.com,46
Shannon,Slevin,Fenby,072 Sachtjen Circle,sfenbyiu@webmd.com,99
Lothario,Shave,Birkhead,74190 Northport Lane,lbirkheadiv@furl.net,78
Jarrid,Brennans,Fitzmaurice,295 Pine View Center,jfitzmauriceiw@ftc.gov,27
Neda,Galway,Comettoi,4607 Hoepker Avenue,ncomettoiix@ibm.com,95
Lynelle,Lightman,Biffin,74 Stephen Street,lbiffiniy@fema.gov,80
Muffin,Goforth,Lonnon,63381 Norway Maple Junction,mlonnoniz@aboutads.info,80
Franny,Carne,Ritchie,88053 Anzinger Center,fritchiej0@google.co.uk,92
Sande,Fife,Pudsey,6092 Montana Plaza,spudseyj1@va.gov,98
Andrea,Foucher,Lusher,63 Mariners Cove Terrace,alusherj2@cornell.edu,42
Morganne,Icom,Riddiough,293 Schurz Lane,mriddioughj3@networksolutions.com,49
Zelma,Toor,O' Byrne,62 Service Point,zobyrnej4@bizjournals.com,80
Dodie,Archley,Cardozo,95 Anzinger Place,dcardozoj5@economist.com,67
Arlina,Travers,Sayle,6 Aberg Trail,asaylej6@miibeian.gov.cn,7
Ella,Pearl,Oakenfall,64 Manitowish Plaza,eoakenfallj7@tinypic.com,3
Joela,Longcaster,Stanhope,753 Dottie Pass,jstanhopej8@blinklist.com,95
Sigvard,Savary,Ramstead,15 Bobwhite Terrace,sramsteadj9@fastcompany.com,47
Win,Korneluk,Kohler,9 Everett Court,wkohlerja@scribd.com,62
Monika,Sine,Sturt,79565 Oxford Avenue,msturtjb@spotify.com,70
Elissa,McGerraghty,Roels,4 Sunbrook Junction,eroelsjc@geocities.com,37
Mariam,O'Connolly,Dallaghan,2851 Lyons Point,mdallaghanjd@cisco.com,88
Madelene,Le Provest,Farrent,67 Hauk Plaza,mfarrentje@java.com,36
Morey,Jeary,Pillington,3 Westport Way,mpillingtonjf@unicef.org,15
Othelia,Madden,Joicey,08589 Talisman Crossing,ojoiceyjg@studiopress.com,44
Ginnifer,Shemming,Frangione,4997 Clemons Plaza,gfrangionejh@hexun.com,80
Viole,Delea,Komorowski,98972 Schlimgen Court,vkomorowskiji@biblegateway.com,88
Correna,Casterou,Deeprose,0 Maple Wood Point,cdeeprosejj@paypal.com,82
Cecilia,Chipp,O' Kelleher,6760 Hintze Street,cokelleherjk@t.co,96
Lief,Elnaugh,Simek,535 Goodland Junction,lsimekjl@ocn.ne.jp,14
Barney,Walklot,Marron,94 Eagle Crest Crossing,bmarronjm@geocities.jp,25
Thain,Bengle,Scriviner,73 Duke Circle,tscrivinerjn@tamu.edu,43
Georgetta,Hollyland,Luckham,06 Twin Pines Lane,gluckhamjo@toplist.cz,94
Carlie,Maria,Derrell,68427 Maple Crossing,cderrelljp@dell.com,59
Ruben,Keitley,Leggon,67792 Stang Terrace,rleggonjq@reddit.com,30
Fanny,Daldry,Scrivener,3 Armistice Way,fscrivenerjr@facebook.com,3
Broderick,Ewbanks,Mettricke,275 Charing Cross Center,bmettrickejs@slate.com,64
Alick,Peatman,Hambleton,3693 Holy Cross Trail,ahambletonjt@guardian.co.uk,38
Silvester,Glanister,McGonigle,81 Declaration Way,smcgonigleju@icio.us,7
Erika,Standage,Anger,5 Hayes Alley,eangerjv@cdc.gov,68
Marrilee,Mabson,Keveren,4 Hintze Hill,mkeverenjw@amazon.de,26
Tucker,Coombes,Chimienti,972 John Wall Trail,tchimientijx@marketwatch.com,46
Antonietta,Bosse,Yitshak,1 Messerschmidt Center,ayitshakjy@jigsy.com,31
Jilly,Cossell,Buterton,2 Melvin Way,jbutertonjz@fema.gov,52
Marcus,Braams,Rickett,46 Dexter Terrace,mrickettk0@bloglovin.com,90
Joey,Quadrio,Digginson,422 Chinook Avenue,jdigginsonk1@soup.io,28
Adel,Edgecombe,Rorke,621 Melrose Plaza,arorkek2@jugem.jp,33
Stacee,Keightley,Flowitt,26 Sheridan Drive,sflowittk3@ucoz.com,82
Pippy,Dumbarton,Extence,35540 Gerald Court,pextencek4@microsoft.com,35
Ginnifer,Utley,Dedham,7120 Claremont Court,gdedhamk5@surveymonkey.com,86
Isador,Balhatchet,Obispo,3 Nova Drive,iobispok6@booking.com,37
Cointon,Guinan,Corradengo,44227 Little Fleur Court,ccorradengok7@prlog.org,6
Madeleine,O'Cullinane,Lalonde,2 Forest Run Place,mlalondek8@wordpress.org,41
Talbot,Treend,Cheyne,818 Lotheville Avenue,tcheynek9@delicious.com,47
Wells,Ucchino,Kobierzycki,7 7th Hill,wkobierzyckika@dailymail.co.uk,84
Winnie,Baldock,Hansod,94662 Granby Junction,whansodkb@shareasale.com,59
Dav,Stigell,Newall,231 Lindbergh Parkway,dnewallkc@networksolutions.com,21
Lindsey,Willis,Ellerey,52 Arapahoe Road,lellereykd@e-recht24.de,95
Samantha,Morford,Habbal,81028 Mallard Center,shabbalke@vimeo.com,100
Aldon,Fagge,Harrowell,8 Claremont Place,aharrowellkf@sakura.ne.jp,21
Gunner,MacCroary,Domney,50916 Fair Oaks Lane,gdomneykg@oakley.com,64
Anthiathia,Elvish,Scaife,633 Di Loreto Pass,ascaifekh@artisteer.com,10
Dianna,Rickson,Lanney,15009 Texas Court,dlanneyki@dion.ne.jp,22
Robby,Letcher,Heeley,385 Crescent Oaks Street,rheeleykj@squarespace.com,71
Jillian,Crigin,Gilliland,071 Dixon Alley,jgillilandkk@timesonline.co.uk,82
Esther,Bonnar,Satchell,7 Springview Circle,esatchellkl@google.ca,67
Paco,Peirson,Grimm,4536 Jay Lane,pgrimmkm@github.io,4
Robinet,Slator,Grunguer,2997 Thierer Street,rgrunguerkn@slideshare.net,25
Kippar,Beauchamp,Puve,50 Hudson Drive,kpuveko@constantcontact.com,19
Keslie,Fitzsymon,Reignould,246 Warrior Circle,kreignouldkp@prlog.org,46
Orelle,Wass,Rudsdell,15077 Troy Road,orudsdellkq@mapquest.com,58
Huntley,Marien,Brumpton,9021 South Alley,hbrumptonkr@tiny.cc,73
Harriott,Dainton,Letford,3 Pleasure Road,hletfordks@1und1.de,8
Roobbie,Crockley,Cuppleditch,1 Canary Alley,rcuppleditchkt@cbc.ca,2
Teirtza,Bielfeldt,Canniffe,56 Carberry Point,tcanniffeku@stumbleupon.com,50
Sandie,Lawles,Gillison,1 Twin Pines Avenue,sgillisonkv@skype.com,96
Matilde,Lerwell,Nolot,4 Eagan Avenue,mnolotkw@youtube.com,36
Gearard,Doud,Christopherson,663 Vermont Place,gchristophersonkx@cbslocal.com,71
Dudley,McDermott-Row,Jenicek,5156 Birchwood Lane,djenicekky@nydailynews.com,55
Sammie,MacGiolla,Moncey,08 Tomscot Point,smonceykz@google.com.br,81
Shena,Blenkinship,Rolin,4 Northfield Park,srolinl0@imgur.com,18
Christophe,Hugill,Yacob,647 Mayfield Center,cyacobl1@engadget.com,6
Barnaby,Blackwell,Billie,2324 Bay Avenue,bbilliel2@omniture.com,8
Rivkah,McGreil,Sallery,3045 South Parkway,rsalleryl3@cornell.edu,73
Liam,Selman,Beebe,512 Ramsey Road,lbeebel4@naver.com,75
Trisha,Pering,Fessler,2 Sullivan Plaza,tfesslerl5@tripadvisor.com,61
Walden,Nudd,McLeoid,50191 Packers Center,wmcleoidl6@histats.com,90
Donna,Ochterlony,Canete,9227 Shasta Point,dcanetel7@behance.net,97
Sherie,Haseman,Hearnshaw,497 Longview Drive,shearnshawl8@google.com.hk,80
Row,Bendall,Pickthorne,0 Homewood Trail,rpickthornel9@go.com,75
Matty,Tout,Jarville,5558 Mendota Alley,mjarvillela@ow.ly,20
Flory,Ranshaw,Alcido,4275 Havey Alley,falcidolb@slate.com,58
Aundrea,Huntingdon,Pershouse,9099 Grasskamp Crossing,apershouselc@w3.org,14
Viv,Rodrigues,Tredgold,417 Gateway Terrace,vtredgoldld@zimbio.com,58
Veriee,Stebbings,Brislane,964 Toban Park,vbrislanele@sciencedaily.com,27
Levey,Trays,Ream,192 Portage Junction,lreamlf@hibu.com,68
Bondon,McKearnen,Kwiek,2697 Vahlen Terrace,bkwieklg@bandcamp.com,28
Clerissa,Handover,Dislee,8 Porter Crossing,cdisleelh@mediafire.com,77
Graehme,Leach,Mackrell,0241 Pine View Court,gmackrellli@oaic.gov.au,16
Berri,Bielefeld,Haddeston,468 Lakeland Crossing,bhaddestonlj@wiley.com,94
Marina,Merioth,Rable,72 Graceland Alley,mrablelk@list-manage.com,81
Noami,Ganders,Barizeret,604 Sloan Alley,nbarizeretll@pcworld.com,45
Urbain,Sandon,Keune,93 Gulseth Plaza,ukeunelm@hibu.com,47
Katya,Heibel,Otridge,698 Badeau Hill,kotridgeln@de.vu,91
Natividad,Bukac,Haddow,31768 Gulseth Pass,nhaddowlo@baidu.com,51
Lucilia,Shyres,Levane,71 Fulton Parkway,llevanelp@miibeian.gov.cn,32
Sansone,Stockwell,Emett,15 Buena Vista Trail,semettlq@jalbum.net,28
Mata,Sauvain,Cremins,47606 Carberry Terrace,mcreminslr@nhs.uk,63
Tory,Moggle,Farthin,7 Lien Park,tfarthinls@ifeng.com,5
Harmon,Backes,Colbourne,69 Sachtjen Street,hcolbournelt@jugem.jp,92
Flory,Thormann,Bridgman,9958 Cascade Pass,fbridgmanlu@istockphoto.com,1
Rodina,Yglesia,Hassell,55 Ludington Court,rhasselllv@eventbrite.com,72
Brier,Nixon,Bethell,4014 Basil Lane,bbethelllw@cdc.gov,78
Hendrik,Bartolomivis,Cartmer,08705 Elmside Parkway,hcartmerlx@sbwire.com,78
Maure,Congram,Bish,3418 Forster Pass,mbishly@comcast.net,15
Jeffy,Loudiane,Rubanenko,775 Arkansas Hill,jrubanenkolz@webmd.com,51
Malchy,Deer,Fahrenbacher,580 Colorado Terrace,mfahrenbacherm0@dell.com,14
Felipe,Satyford,Tebboth,3 Straubel Hill,ftebbothm1@symantec.com,24
Manuel,Gammet,Pittet,13921 Swallow Crossing,mpittetm2@cnet.com,14
Rheba,Lay,Girardez,3121 Luster Road,rgirardezm3@theglobeandmail.com,75
Dorolisa,Ranger,Gilby,111 Waxwing Avenue,dgilbym4@trellian.com,3
Keary,Dawidowsky,Pulteneye,3 Miller Place,kpulteneyem5@businessinsider.com,28
Piotr,Blase,O' Ronan,92052 Green Terrace,poronanm6@weather.com,89
Mendel,Croston,Tournay,4 Muir Pass,mtournaym7@soup.io,27
Annecorinne,Fasse,Blackader,7465 Dayton Alley,ablackaderm8@go.com,1
Malachi,Dy,Liptrot,2582 Rutledge Crossing,mliptrotm9@hao123.com,9
Rufus,Seymark,Cristea,7637 Gateway Trail,rcristeama@fc2.com,90
Florette,Constance,Epine,8889 Springview Drive,fepinemb@dedecms.com,31
Drew,Dallander,Theze,34530 Thackeray Center,dthezemc@bbb.org,64
Xylia,Klesel,Grimoldby,2819 Lunder Center,xgrimoldbymd@earthlink.net,9
Pietrek,Burkart,Burgane,8 Spaight Street,pburganeme@earthlink.net,74
Emmery,Wintour,Sarre,4529 Shopko Alley,esarremf@usatoday.com,20
Ira,Caddan,Ashford,22 Continental Court,iashfordmg@cisco.com,93
Emanuele,Playhill,Stokes,21291 Gerald Drive,estokesmh@ted.com,68
Lavena,Jirus,Hanton,15875 Hagan Street,lhantonmi@simplemachines.org,89
Joann,Ottawell,Hatch,6 Pierstorff Crossing,jhatchmj@craigslist.org,33
Lotte,O'Shea,Jewster,7187 Hermina Terrace,ljewstermk@last.fm,39
Vanya,Seaking,Dyble,689 Sunfield Alley,vdybleml@seesaa.net,75
Tobiah,Edyson,O' Reagan,31 Basil Junction,toreaganmm@blogs.com,51
Fedora,Woolner,Yeeles,792 Spohn Park,fyeelesmn@gmpg.org,69
Pandora,Metcalfe,Buckler,4 Pierstorff Avenue,pbucklermo@mit.edu,81
Theo,Boays,Valentin,34 Autumn Leaf Crossing,tvalentinmp@amazon.co.jp,85
Bill,Clemenza,Polley,668 Nancy Pass,bpolleymq@icq.com,73
Berni,Kares,Preene,3624 Ronald Regan Pass,bpreenemr@skyrock.com,19
Stevy,Birchenough,Sorton,69959 Dryden Way,ssortonms@omniture.com,98
Grace,Zimmermanns,Bedson,1 Rockefeller Street,gbedsonmt@tmall.com,54
Johanna,Sey,Messenbird,9 Amoth Road,jmessenbirdmu@amazon.com,74
Thomasine,Smees,Szabo,1269 Jay Court,tszabomv@gmpg.org,79
Blancha,Jallin,Sacks,5 Vernon Crossing,bsacksmw@eepurl.com,62
Fitz,Hanigan,Castello,94477 2nd Center,fcastellomx@theguardian.com,48
Lawton,McMorran,Troop,4 Emmet Junction,ltroopmy@ed.gov,88
Luelle,Trevaskus,Radwell,483 Hollow Ridge Circle,lradwellmz@friendfeed.com,29
Eldin,Skacel,Bidgod,64 Dexter Parkway,ebidgodn0@dagondesign.com,65
Dinny,Gouldsmith,Saich,9766 Butterfield Alley,dsaichn1@drupal.org,83
Yetty,Webley,Brodie,750 Katie Center,ybrodien2@gizmodo.com,44
Ingra,Sambidge,Iacobassi,3 Carpenter Pass,iiacobassin3@marketwatch.com,44
Brandtr,Elverston,Veronique,16888 Lawn Drive,bveroniquen4@canalblog.com,82
Bliss,Hargreaves,Linnard,0 Barnett Trail,blinnardn5@sfgate.com,31
Simonette,Dominichelli,Mattusevich,2750 Evergreen Hill,smattusevichn6@quantcast.com,49
Krysta,Orteaux,Barry,2443 Anderson Park,kbarryn7@earthlink.net,2
Mattie,Hubeaux,McCalum,0 Schlimgen Place,mmccalumn8@bloomberg.com,17
Wildon,Ortells,Bunford,23323 Mendota Street,wbunfordn9@fastcompany.com,39
Raye,Crankshaw,Stickells,4 Reinke Crossing,rstickellsna@wiley.com,20
Gloriane,Habishaw,Butting,59429 La Follette Street,gbuttingnb@list-manage.com,57
Carolee,Little,Summerson,8 Erie Trail,csummersonnc@vinaora.com,93
Randi,Fanshaw,Durward,33 Carioca Parkway,rdurwardnd@chron.com,89
Roselia,Meekins,Paine,85529 Blackbird Parkway,rpainene@microsoft.com,26
Kincaid,Beckworth,Marusyak,2 Boyd Alley,kmarusyaknf@telegraph.co.uk,80
Mark,Niccols,Fairnington,09549 Pleasure Alley,mfairningtonng@hibu.com,69
Sher,Schechter,Retallack,21 Rigney Place,sretallacknh@livejournal.com,37
Winnie,Skippen,Tombleson,689 Fulton Way,wtomblesonni@live.com,81
Maynard,Slocumb,Ducaen,7110 New Castle Lane,mducaennj@purevolume.com,8
Corabella,Clayworth,Keenleyside,18089 Straubel Park,ckeenleysidenk@cdbaby.com,58
Kendal,Staig,Hamner,16274 Beilfuss Court,khamnernl@dailymotion.com,63
Bee,Coultish,Aprahamian,943 Armistice Way,baprahamiannm@over-blog.com,36
Vasily,Naile,Kassidy,0 Green Lane,vkassidynn@nsw.gov.au,34
Mauricio,Bowich,Conklin,39 Petterle Drive,mconklinno@reference.com,46
Donnie,Kopisch,Rashleigh,16829 Beilfuss Junction,drashleighnp@icio.us,91
Gussy,Leak,De Gogay,41512 Union Lane,gdegogaynq@sbwire.com,84
Reinwald,Leyre,Orable,5731 Starling Point,rorablenr@wisc.edu,88
Jamaal,Newlyn,Najafian,3327 Monterey Circle,jnajafianns@netvibes.com,38
Clyve,Moreinu,Lappine,7785 Emmet Pass,clappinent@irs.gov,59
Chad,Ferriday,Muggeridge,7681 Fairfield Park,cmuggeridgenu@independent.co.uk,78
Salvatore,Barensen,Budd,60 Corry Lane,sbuddnv@va.gov,65
Art,Colton,Riedel,7 Hovde Parkway,ariedelnw@imageshack.us,83
Daveta,Procter,Tedder,0 Derek Road,dteddernx@51.la,11
Lela,Pinnigar,Madgin,3 Shelley Junction,lmadginny@qq.com,90
Dolf,Burnsell,Blown,3 Springs Alley,dblownnz@alibaba.com,98
Gayler,O'Fallone,Tetla,0 Brentwood Crossing,gtetlao0@ifeng.com,26
Matilde,Aldrich,Sydes,5720 3rd Place,msydeso1@tripadvisor.com,72
Sigrid,Guy,Whitebrook,67 Macpherson Trail,swhitebrooko2@godaddy.com,72
Casie,Hovee,Shulem,0 Clyde Gallagher Crossing,cshulemo3@hud.gov,66
Kally,Jacquot,Delf,25 Sheridan Road,kdelfo4@xrea.com,73
Brandie,Trasler,Skully,19738 Mandrake Plaza,bskullyo5@rediff.com,79
Vinnie,Tchir,Konke,8 Vahlen Court,vkonkeo6@youtu.be,40
Ruthy,Smye,Mulvaney,43 Sommers Way,rmulvaneyo7@nih.gov,38
Carmon,Jan,Petken,13 Moose Lane,cpetkeno8@mapy.cz,46
Barnebas,Blomfield,Fulkes,09063 Prairie Rose Way,bfulkeso9@sohu.com,65
Hedwiga,St. Paul,Mattisssen,85293 Arapahoe Circle,hmattisssenoa@home.pl,100
Judon,Murton,Radish,71784 Atwood Terrace,jradishob@timesonline.co.uk,51
Aluino,Locksley,Lewton,65 Schmedeman Court,alewtonoc@zimbio.com,49
Bernardina,Greatland,Gillbanks,3211 Eastwood Avenue,bgillbanksod@example.com,19
Catlee,Antonellini,Giovanazzi,656 Hooker Road,cgiovanazzioe@bravesites.com,62
Jakob,Grason,Menichini,68 Longview Road,jmenichiniof@studiopress.com,75
Marten,Marden,Grieve,5675 Eagle Crest Drive,mgrieveog@shareasale.com,69
Gabriela,Yanov,Melanaphy,373 Bashford Terrace,gmelanaphyoh@amazon.co.uk,46
Prinz,Kunzler,Sidwell,08284 Kinsman Park,psidwelloi@ow.ly,46
Bing,Stiegar,Mellody,36 Columbus Avenue,bmellodyoj@eventbrite.com,71
Devondra,Crab,Klouz,16 Mesta Avenue,dklouzok@upenn.edu,91
Murielle,Willshere,Stephenson,41133 Iowa Trail,mstephensonol@theatlantic.com,98
Annetta,Vaughn,Burrells,91 Summit Hill,aburrellsom@freewebs.com,25
Morton,O'Devey,Laurenceau,040 Anzinger Hill,mlaurenceauon@seattletimes.com,90
Tomi,Oldall,Maffia,1370 Schurz Trail,tmaffiaoo@symantec.com,75
Clim,Seif,Yushachkov,2 Welch Place,cyushachkovop@ehow.com,15
Constantino,Tembey,Twidale,87 Dahle Center,ctwidaleoq@ucla.edu,92
Marjorie,Besset,D'Enrico,21050 Dexter Junction,mdenricoor@wix.com,23
Shamus,Strode,Heiden,95 Springs Avenue,sheidenos@sun.com,79
Marty,Overy,Hedon,48565 Redwing Terrace,mhedonot@statcounter.com,16
Bethany,McCorkindale,Renehan,83584 Derek Park,brenehanou@twitter.com,32
Silvio,Papps,Cobbold,06 Mayfield Drive,scobboldov@ucla.edu,55
Terra,Gallafant,Douthwaite,4 Briar Crest Avenue,tdouthwaiteow@discuz.net,23
Hetty,Jeffress,Barwise,953 Fordem Avenue,hbarwiseox@jiathis.com,5
Jillian,Seymour,Mulbery,48367 Bayside Junction,jmulberyoy@statcounter.com,27
Reine,Housego,Laboune,10 Anhalt Avenue,rlabouneoz@samsung.com,98
Richart,Conneau,Langstaff,9 Trailsway Alley,rlangstaffp0@archive.org,17
Roberta,Tomasz,Hallward,291 Eggendart Lane,rhallwardp1@tinyurl.com,46
Valene,Bewshaw,Hatchell,0302 Clarendon Point,vhatchellp2@artisteer.com,16
Dorie,Serrels,Inge,00021 Northridge Plaza,dingep3@nationalgeographic.com,41
Blinnie,Scalera,Kobpal,0659 Arizona Trail,bkobpalp4@businessweek.com,12
Grannie,Longbottom,Dudenie,4266 Dottie Street,gdudeniep5@mysql.com,47
Roselle,Salzen,De la Harpe,8440 Shopko Alley,rdelaharpep6@craigslist.org,67
Walden,Pickrill,Kalisz,96 Grover Way,wkaliszp7@sitemeter.com,49
Waverly,Taillant,Jopke,1590 Debra Plaza,wjopkep8@tripod.com,77
Emory,Lernihan,Heister,49 Eliot Drive,eheisterp9@nytimes.com,36
Allin,Fain,Threadgold,9928 Barnett Pass,athreadgoldpa@livejournal.com,16
Beret,Boyen,Smeuin,9072 Tomscot Court,bsmeuinpb@ucla.edu,63
Forster,Zywicki,Cunrado,5767 Susan Parkway,fcunradopc@mit.edu,100
Hali,Huntley,Austing,50 Canary Street,haustingpd@accuweather.com,25
Barnard,Greenrod,Tatum,631 Hoepker Center,btatumpe@alibaba.com,4
Keslie,Bullivant,Tipper,131 Monument Street,ktipperpf@kickstarter.com,11
Noby,Pagel,Abramamov,5 Dunning Court,nabramamovpg@constantcontact.com,68
Angeli,Houlton,Pavek,5757 Basil Trail,apavekph@kickstarter.com,54
Adriena,Igo,Mertgen,752 Moland Trail,amertgenpi@hao123.com,74
Phil,MacGee,Hinsch,95 Swallow Road,phinschpj@usa.gov,79
Emilee,Giacomuzzo,Metterick,506 Coolidge Pass,emetterickpk@yandex.ru,18
Hillery,Blackston,Grimmer,45606 Pond Trail,hgrimmerpl@google.it,16
Nari,Hunnywell,Crowcroft,063 Susan Road,ncrowcroftpm@aboutads.info,67
Alayne,Minmagh,Pedro,85 Nova Pass,apedropn@vimeo.com,41
Lacey,Deely,Sidnell,70423 Shasta Pass,lsidnellpo@springer.com,23
Cris,Lambertazzi,Deniscke,6636 Golden Leaf Hill,cdenisckepp@cisco.com,34
Selle,Unwin,Charer,2323 Ruskin Place,scharerpq@qq.com,64
Kerianne,Stanmer,Duberry,52 Evergreen Way,kduberrypr@posterous.com,96
Suzanne,Greenmon,Annon,709 Dunning Street,sannonps@t.co,49
Trescha,Cowden,Perrone,4871 Cardinal Point,tperronept@house.gov,56
Yettie,Baston,Renals,92 Forest Dale Court,yrenalspu@google.de,78
Herold,Winscom,McComiskey,12422 Northfield Street,hmccomiskeypv@pagesperso-orange.fr,90
Jerry,Heakins,Lovejoy,9215 Atwood Hill,jlovejoypw@opensource.org,46
Hank,D'Aulby,Whitehorne,02 Cordelia Terrace,hwhitehornepx@shop-pro.jp,70
Celestia,Devon,Dominico,1 Sommers Court,cdominicopy@webmd.com,47
Zacharias,Lack,Bloor,07 Hollow Ridge Crossing,zbloorpz@imgur.com,37
Natalee,Westmacott,Gowen,33 Grayhawk Drive,ngowenq0@furl.net,17
Harrietta,Casassa,Adamo,87 Hoepker Avenue,hadamoq1@theguardian.com,25
Adolph,Bonallick,Waything,2 Thompson Trail,awaythingq2@vistaprint.com,16
Delbert,Peacop,Le Strange,2 Melrose Junction,dlestrangeq3@xrea.com,26
Crista,Searl,Wickardt,69 Ruskin Drive,cwickardtq4@behance.net,27
Ivory,Redgrave,Drees,8 Lakewood Center,idreesq5@forbes.com,89
Creigh,Blakes,Duckit,00373 Oriole Avenue,cduckitq6@nature.com,27
Merla,Coarser,Fulton,2044 Lukken Center,mfultonq7@berkeley.edu,42
Udell,Gaber,O' Kelleher,18 Mayer Park,uokelleherq8@ustream.tv,10
Sigismundo,Van Leeuwen,Sapsford,96 Lien Street,ssapsfordq9@china.com.cn,98
Saundra,Samsin,De'Ath,3708 Mockingbird Way,sdeathqa@economist.com,38
Tulley,Mardling,Gerlts,64791 Twin Pines Hill,tgerltsqb@1688.com,15
Ketty,Grand,Dummigan,7211 Huxley Crossing,kdummiganqc@addtoany.com,45
Jordain,Bedborough,Hulkes,5395 Stoughton Plaza,jhulkesqd@acquirethisname.com,39
Ynes,Brimming,Zywicki,2773 Bayside Street,yzywickiqe@tmall.com,47
Collie,Joire,Cocci,2622 Meadow Ridge Terrace,ccocciqf@globo.com,45
Marie,Peake,Acory,74341 Rowland Crossing,macoryqg@bbc.co.uk,88
Tucker,Tippell,Fiddiman,0959 Rockefeller Terrace,tfiddimanqh@census.gov,100
Dayle,Kenright,Growden,1 Dahle Alley,dgrowdenqi@irs.gov,24
Nealson,Tiron,Arnke,589 Thackeray Road,narnkeqj@canalblog.com,59
Sonya,Skerme,Lasselle,55 Maple Wood Alley,slasselleqk@chronoengine.com,41
Baillie,Fairfoul,Tedman,86507 Park Meadow Center,btedmanql@surveymonkey.com,56
Dela,Jolland,Skene,7605 Northfield Place,dskeneqm@imgur.com,86
Jillian,Folds,Brill,2987 Anderson Place,jbrillqn@woothemes.com,84
Kakalina,Kuhl,Schaben,9 Coleman Junction,kschabenqo@chicagotribune.com,75
Ike,Lowder,Hurtic,40725 Bayside Circle,ihurticqp@xing.com,29
Cilka,Goggey,Standage,2 Montana Crossing,cstandageqq@slate.com,90
Earle,Hallas,Cossins,72 Clyde Gallagher Circle,ecossinsqr@wikipedia.org,25
Tilda,Eccott,Goulborn,2 Meadow Ridge Street,tgoulbornqs@cocolog-nifty.com,61
Cletis,Leather,Baser,8893 Ohio Hill,cbaserqt@icq.com,95
Miner,Wetwood,Kleiner,7278 Quincy Place,mkleinerqu@seattletimes.com,45
Glen,Parfrey,Cheston,9762 Bunting Parkway,gchestonqv@google.com.au,55
Jeane,Crunkhorn,Le Conte,48 Daystar Park,jleconteqw@stanford.edu,19
Broddie,Danielot,Moncarr,86618 Lotheville Terrace,bmoncarrqx@canalblog.com,42
Ingunna,Taberner,Crittal,70 Northland Center,icrittalqy@fotki.com,22
Bird,Quilty,Crowter,4367 Fair Oaks Parkway,bcrowterqz@over-blog.com,20
Glenna,Cadden,Audrey,18 Annamark Road,gaudreyr0@deliciousdays.com,66
Maurise,Riveles,Gillett,32661 Moland Lane,mgillettr1@bandcamp.com,61
Kristan,D'Souza,Samudio,91904 Grasskamp Hill,ksamudior2@dell.com,32
Alfonso,Trundler,Cranshaw,341 Schurz Street,acranshawr3@businessweek.com,41
Kirk,Heyworth,Joreau,88007 Sage Pass,kjoreaur4@google.it,61
Trisha,Scowcroft,Bulfoot,0 Morningstar Center,tbulfootr5@scientificamerican.com,47
Randi,Gladding,Northall,8727 Ilene Drive,rnorthallr6@cdbaby.com,95
Roi,Costello,Auchinleck,13162 Sunfield Hill,rauchinleckr7@webnode.com,42
Berne,Ferguson,Sabey,1698 Judy Point,bsabeyr8@woothemes.com,40
Dayna,Momford,Hazeldene,2392 Oxford Pass,dhazeldener9@sfgate.com,53
Alden,Bubbear,Rubert,661 Eagle Crest Parkway,arubertra@oracle.com,58
Livia,Meeking,O'Neill,5 Colorado Circle,loneillrb@weibo.com,12
Hagen,Colbeck,Vivers,42528 Algoma Court,hviversrc@ihg.com,97
Rupert,Gladdolph,Scattergood,61 Kinsman Road,rscattergoodrd@drupal.org,69
Gerty,Enefer,Stearn,4 Spaight Avenue,gstearnre@zimbio.com,89
Gilberta,Hedan,Grimster,030 Sycamore Hill,ggrimsterrf@aol.com,95
Lanie,Flanagan,Moxsom,047 Acker Place,lmoxsomrg@flickr.com,100
Osbourne,Hairon,Autie,5291 Buena Vista Trail,oautierh@posterous.com,48
Rozalin,Dooney,Eastop,6 Grim Way,reastopri@blogs.com,33
Alexander,Suett,Punchard,610 Fieldstone Lane,apunchardrj@columbia.edu,83
Verena,Connelly,Blueman,15 Delaware Street,vbluemanrk@nationalgeographic.com,19
Matilda,Nodes,Irlam,78 Debs Trail,mirlamrl@bravesites.com,75
Joletta,MacGaughie,Tarbin,28369 Del Mar Hill,jtarbinrm@uiuc.edu,60
Ab,MacLoughlin,Horche,343 Kenwood Avenue,ahorchern@census.gov,28
Greggory,Seear,Josiah,94 Buena Vista Park,gjosiahro@sina.com.cn,25
Kalila,Onions,Cogger,6252 Sullivan Lane,kcoggerrp@army.mil,71
Dwight,Raulstone,Purver,822 Green Point,dpurverrq@deliciousdays.com,93
Merridie,Rockhall,Porcas,1321 Farragut Terrace,mporcasrr@home.pl,19
